Date,Close/Last,Volume,Open,High,Low
11/30/2023,592.74,1755214,587.83,593.07,582.83
11/29/2023,587.86,1319844,595.20,595.21,587.42
11/28/2023,594.00,1286847,593.19,597.42,591.42
11/27/2023,594.90,1627378,592.52,599.94,592.41
11/24/2023,591.36,645766,591.02,594.20,590.41
11/22/2023,589.08,1068932,586.85,591.14,586.35
11/21/2023,584.30,1173710,582.00,584.95,577.71
11/20/2023,580.80,1624460,577.34,582.32,577.34
11/17/2023,577.15,1774272,578.90,579.92,574.06
11/16/2023,578.58,2954653,586.38,586.59,572.24
11/15/2023,596.78,2165104,593.99,599.89,593.39
11/14/2023,590.80,2037639,581.74,591.55,581.21
11/13/2023,578.23,1650942,575.00,579.95,573.49
11/10/2023,577.12,1909263,567.90,577.89,564.94
11/09/2023,563.27,1288443,569.00,569.00,562.01
11/08/2023,567.38,1343554,572.12,572.99,564.30
11/07/2023,571.27,1373229,572.50,573.89,569.56
11/06/2023,569.82,2056898,560.49,572.65,560.13
11/03/2023,560.90,1826753,557.33,562.99,555.23
11/02/2023,555.97,2100573,556.50,559.51,552.01
11/01/2023,556.80,1735315,555.00,558.44,549.65
10/31/2023,552.44,1394661,552.16,554.03,549.06
10/30/2023,554.88,1696182,545.74,556.36,543.64
10/27/2023,543.03,1503322,547.60,548.03,540.23
10/26/2023,547.60,1925263,549.65,554.66,545.53
10/25/2023,549.99,1757470,548.55,553.83,545.61
10/24/2023,551.84,1678622,552.10,555.99,549.33
10/23/2023,552.29,1776509,554.14,556.93,546.63
10/20/2023,552.93,2295445,566.54,566.67,552.01
10/19/2023,565.63,2019564,573.70,575.85,564.11
10/18/2023,574.64,1311893,573.92,577.30,572.00
10/17/2023,574.34,1404801,571.94,576.06,570.71
10/16/2023,572.24,1428517,569.69,574.10,568.52
10/13/2023,566.84,1244163,563.85,567.44,561.98
10/12/2023,563.78,1457979,568.05,569.14,562.38
10/11/2023,565.52,1449996,564.85,566.50,560.20
10/10/2023,562.09,2176975,559.92,566.95,557.24
10/09/2023,558.97,1781511,555.00,559.75,549.78
10/06/2023,557.53,4246692,566.09,566.95,542.63
10/05/2023,569.52,1579732,572.17,574.75,564.36
10/04/2023,571.80,1798756,569.49,572.61,563.76
10/03/2023,565.04,2007373,571.10,576.19,563.01
10/02/2023,571.31,1831713,567.91,571.74,564.00
09/29/2023,564.96,1887507,570.00,570.99,560.70
09/28/2023,568.63,2192427,564.07,572.18,564.07
09/27/2023,563.53,4591429,547.38,566.50,544.73
09/26/2023,552.96,2425106,559.15,561.37,552.00
09/25/2023,558.62,1313326,559.49,561.27,554.74
09/22/2023,558.59,1527941,555.16,562.97,554.78
09/21/2023,555.08,1688396,564.07,564.57,554.28
09/20/2023,563.83,1312150,564.35,569.22,562.66
09/19/2023,564.35,1145422,561.64,565.33,559.43
09/18/2023,562.72,1003221,558.18,564.19,557.47
09/15/2023,556.36,2945317,565.33,565.51,555.54
09/14/2023,564.77,1257325,564.81,566.70,560.25
09/13/2023,559.76,1162710,558.30,560.44,554.62
09/12/2023,558.79,1055620,559.28,560.40,556.18
09/11/2023,558.78,1388639,552.81,559.39,551.86
09/08/2023,551.19,1077496,549.07,552.38,548.10
09/07/2023,548.62,1340191,548.65,550.99,544.29
09/06/2023,546.69,1476602,541.72,548.68,540.18
09/05/2023,544.73,1714296,545.73,549.19,544.00
09/01/2023,544.25,1437729,553.07,553.48,540.64
08/31/2023,549.28,2086507,540.00,552.20,540.00
08/30/2023,542.26,1292815,542.73,544.42,539.31
08/29/2023,542.77,1468521,534.34,543.07,534.34
08/28/2023,536.19,945776,536.00,537.04,533.12
08/25/2023,534.01,1511474,532.91,535.79,530.56
08/24/2023,531.71,1587505,539.29,541.00,530.82
08/23/2023,540.86,1295812,538.96,541.17,536.24
08/22/2023,538.37,1286150,541.96,541.96,537.50
08/21/2023,543.21,2076349,543.86,545.15,536.30
08/18/2023,544.94,1878090,546.92,549.47,543.11
08/17/2023,547.11,1941923,559.47,560.42,545.08
08/16/2023,559.05,1340290,561.70,564.95,558.72
08/15/2023,558.51,1124458,561.05,565.16,558.20
08/14/2023,561.47,1247567,564.77,567.71,560.44
08/11/2023,562.96,1043176,560.35,565.00,559.03
08/10/2023,561.49,1107233,563.20,569.21,560.70
08/09/2023,559.70,1471780,557.98,562.09,556.81
08/08/2023,556.12,1020524,558.00,558.90,551.84
08/07/2023,558.41,1015378,554.99,559.56,554.99
08/04/2023,552.04,1141952,561.07,561.29,551.41
08/03/2023,557.69,1464010,553.53,560.35,552.22
08/02/2023,552.35,1636012,552.26,556.63,551.02
08/01/2023,555.47,1446026,560.63,562.88,554.54
07/31/2023,560.67,1366148,563.00,564.29,559.05
07/28/2023,563.32,1371583,564.58,567.81,562.62
07/27/2023,561.83,1485269,567.72,571.16,560.60
07/26/2023,566.17,1306402,565.51,568.03,563.42
07/25/2023,565.19,1602739,566.77,567.55,564.30
07/24/2023,563.93,2087252,558.00,566.57,555.88
07/21/2023,557.86,5264337,559.17,562.05,557.45
07/20/2023,556.96,1732780,553.81,561.07,553.71
07/19/2023,554.11,1261093,554.48,555.89,552.02
07/18/2023,553.59,1779168,552.67,555.00,549.39
07/17/2023,552.96,1910253,546.18,554.21,546.10
07/14/2023,546.70,1828704,538.71,546.86,538.10
07/13/2023,538.45,1647200,537.80,539.12,532.79
07/12/2023,538.00,1960548,532.00,540.11,531.11
07/11/2023,529.64,1262318,527.50,530.76,526.15
07/10/2023,527.01,1955628,525.06,531.15,525.06
07/07/2023,525.05,2740555,533.89,536.46,524.63
07/06/2023,537.37,1752931,538.88,540.30,536.58
07/05/2023,541.13,1632415,541.22,546.05,537.50
07/03/2023,541.04,950547,537.25,541.08,534.34
06/30/2023,538.38,2222116,534.17,539.56,533.63
06/29/2023,531.69,1121756,530.58,532.45,528.95
06/28/2023,532.80,1245157,528.98,533.49,528.61
06/27/2023,530.33,1673558,522.65,532.41,522.10
06/26/2023,523.42,1278456,524.40,524.87,521.26
06/23/2023,524.44,1434348,523.13,525.40,519.34
06/22/2023,524.20,1114175,520.69,524.68,519.68
06/21/2023,519.62,1273579,517.91,521.64,516.54
06/20/2023,519.70,1684741,521.95,522.90,518.14
06/16/2023,523.65,3147777,530.10,530.42,522.63
06/15/2023,529.18,1871610,529.00,531.26,526.66
06/14/2023,527.20,1841361,525.00,527.85,523.14
06/13/2023,522.02,1204672,522.02,522.95,517.91
06/12/2023,520.97,1405065,517.28,521.27,516.00
06/09/2023,517.28,1287649,518.19,522.06,515.50
06/08/2023,520.09,1530979,512.50,520.29,512.50
06/07/2023,511.23,1784661,514.51,519.29,510.57
06/06/2023,516.26,1410270,518.25,518.63,512.76
06/05/2023,518.25,2023528,512.59,518.92,512.02
06/02/2023,512.59,2284798,510.32,518.50,509.40
06/01/2023,512.60,2407734,509.33,513.74,502.10
05/31/2023,511.56,3320765,508.86,513.87,504.95
05/30/2023,508.03,2544804,509.79,514.80,501.59
05/26/2023,507.26,5302638,485.65,510.75,484.12
05/25/2023,486.55,3421937,480.21,488.54,476.75
05/24/2023,482.76,1600596,487.25,487.25,480.91
05/23/2023,484.87,1800161,487.17,487.17,482.97
05/22/2023,491.87,1943758,497.00,497.00,488.54
05/19/2023,496.52,1635036,499.39,499.39,493.92
05/18/2023,498.10,2298859,495.00,498.60,494.08
05/17/2023,495.00,2069473,498.00,498.01,491.90
05/16/2023,496.15,1230357,500.00,500.29,494.30
05/15/2023,502.04,1135682,504.01,505.00,498.86
05/12/2023,504.07,1472794,503.17,506.03,501.20
05/11/2023,501.89,1046730,499.51,503.00,497.55
05/10/2023,499.66,1257622,501.95,504.97,495.10
05/09/2023,500.79,1571815,496.96,501.74,496.39
05/08/2023,499.06,1015210,497.37,500.25,495.70
05/05/2023,499.06,1709239,493.20,499.40,492.98
05/04/2023,490.34,1487048,488.94,490.91,485.93
05/03/2023,490.06,1426432,496.60,498.78,489.66
05/02/2023,494.81,1940805,495.00,495.68,489.81
05/01/2023,493.59,2203182,499.15,500.05,488.80
04/28/2023,503.22,1170249,501.56,504.83,500.64
04/27/2023,501.27,1361583,494.83,502.26,494.83
04/26/2023,494.66,1441855,500.42,502.87,493.39
04/25/2023,503.17,1789883,511.13,513.13,502.26
04/24/2023,511.42,1374117,506.10,511.69,505.81
04/21/2023,506.35,1508643,509.37,510.64,505.46
04/20/2023,505.58,2936493,495.75,510.66,495.51
04/19/2023,496.03,1098758,497.13,497.99,493.83
04/18/2023,496.90,1339585,496.10,497.63,494.12
04/17/2023,493.94,1411760,492.77,497.89,491.15
04/14/2023,491.30,1675297,496.19,500.37,490.16
04/13/2023,497.89,1600513,493.49,498.44,490.31
04/12/2023,489.35,2063696,500.00,500.05,488.54
04/11/2023,498.65,1547381,493.83,499.99,493.00
04/10/2023,493.83,1653593,483.90,493.90,481.66
04/06/2023,485.98,4114702,482.00,487.85,477.50
04/05/2023,497.13,1941503,499.00,504.13,495.16
04/04/2023,497.73,1913281,496.50,502.58,495.50
04/03/2023,497.03,1804653,496.50,499.20,495.00
03/31/2023,496.87,2082044,495.00,498.36,493.94
03/30/2023,491.48,1545533,493.00,495.74,491.00
03/29/2023,490.87,1642982,489.20,491.30,485.90
03/28/2023,486.77,1407839,492.61,494.06,485.41
03/27/2023,493.22,1452077,497.28,499.86,492.51
03/24/2023,495.27,1636784,486.94,495.97,486.56
03/23/2023,487.76,1566000,490.69,493.25,484.29
03/22/2023,487.52,1299654,489.46,496.62,487.35
03/21/2023,490.85,1663959,493.00,493.00,485.99
03/20/2023,489.29,1624017,488.00,490.79,485.72
03/17/2023,487.05,3959291,489.07,489.90,481.51
03/16/2023,487.26,1980652,484.93,488.14,482.76
03/15/2023,485.66,2226309,481.51,487.02,478.54
03/14/2023,481.92,2422900,475.43,485.16,473.00
03/13/2023,472.00,1799597,466.80,476.69,466.80
03/10/2023,471.14,2123002,478.98,480.46,468.38
03/09/2023,479.52,1629402,487.48,490.00,478.62
03/08/2023,486.04,1548504,483.00,486.88,481.14
03/07/2023,485.15,2659077,486.10,495.21,485.00
03/06/2023,483.08,3104742,476.52,488.82,475.52
03/03/2023,475.26,5354214,474.83,476.00,465.33
03/02/2023,485.69,2407400,477.36,487.43,475.56
03/01/2023,478.67,1759327,481.10,482.58,475.02
02/28/2023,484.18,1918221,485.60,488.88,483.78
02/27/2023,487.03,1501749,492.55,493.00,485.68
02/24/2023,488.61,1587611,488.58,490.36,484.70
02/23/2023,493.14,1546431,498.80,498.86,487.86
02/22/2023,497.39,1331969,503.92,505.46,496.60
02/21/2023,501.74,1811982,500.82,503.99,496.55
02/17/2023,507.48,1340437,504.27,507.71,501.84
02/16/2023,504.10,1455951,503.61,510.73,503.60
02/15/2023,511.28,1423417,502.73,511.42,501.34
02/14/2023,503.22,1257327,505.01,507.85,498.63
02/13/2023,506.45,1452837,501.74,506.79,501.35
02/10/2023,499.99,1536847,498.51,500.55,495.38
02/09/2023,500.63,1517341,505.29,509.16,498.42
02/08/2023,503.81,2062928,511.29,512.18,501.56
02/07/2023,516.53,1927275,511.99,517.99,507.39
02/06/2023,515.59,1740105,514.44,517.22,512.27
02/03/2023,514.80,1844148,519.13,521.55,512.50
02/02/2023,523.43,2287366,524.29,530.05,520.64
02/01/2023,517.91,2080208,508.31,520.45,504.72
01/31/2023,511.14,1924081,503.23,511.41,502.00
01/30/2023,503.28,1855941,500.37,505.60,500.37
01/27/2023,503.29,2034069,499.76,509.10,497.86
01/26/2023,498.30,1576405,493.20,498.67,491.77
01/25/2023,490.88,1329768,489.36,491.94,484.50
01/24/2023,492.11,1510226,492.05,493.60,487.01
01/23/2023,492.61,2709439,479.95,495.24,477.60
01/20/2023,480.11,2588637,473.92,480.32,469.47
01/19/2023,469.49,1919451,476.24,477.56,468.07
01/18/2023,479.47,1925470,484.81,488.81,478.52
01/17/2023,486.77,1539915,485.13,490.48,484.37
01/13/2023,485.25,1405912,480.89,485.59,479.00
01/12/2023,482.43,1628205,484.99,485.00,478.75
01/11/2023,484.31,1576394,480.33,484.52,479.11
01/10/2023,481.40,1649860,477.14,482.09,475.48
01/09/2023,478.75,2384764,482.93,486.87,478.14
01/06/2023,482.87,5174491,463.08,484.42,462.22
01/05/2023,450.19,2169298,454.54,456.43,449.62
01/04/2023,456.56,2097322,457.18,459.51,452.59
01/03/2023,453.28,1978075,458.00,458.80,447.90
12/30/2022,456.50,1803243,454.65,456.70,450.75
12/29/2022,456.53,1464967,455.63,459.00,453.46
12/28/2022,452.99,1324141,457.54,460.46,452.80
12/27/2022,458.50,1230839,464.40,464.70,457.11
12/23/2022,462.65,1229523,457.52,463.18,454.80
12/22/2022,458.71,1907717,458.65,460.40,453.39
12/21/2022,462.06,1462351,459.38,463.69,456.20
12/20/2022,457.82,1993675,456.56,460.25,452.53
12/19/2022,458.63,1939248,460.92,463.41,455.36
12/16/2022,461.45,4909204,461.26,464.79,456.88
12/15/2022,463.91,3439381,475.34,476.70,463.16
12/14/2022,483.52,2145018,488.86,491.69,481.04
12/13/2022,488.20,2626732,497.04,497.97,481.55
12/12/2022,487.68,2276351,482.73,487.82,480.67
12/09/2022,483.02,4211132,475.10,490.09,470.50
12/08/2022,481.42,2901019,482.90,483.33,473.50
12/07/2022,481.97,2072597,479.09,486.54,478.87
12/06/2022,481.16,2995894,490.66,491.47,477.17
12/05/2022,488.66,2455346,492.50,492.70,484.73
12/02/2022,494.53,3632096,498.52,498.97,492.11
12/01/2022,503.86,6970367,519.14,519.14,495.67
11/30/2022,539.25,3601779,527.41,542.58,522.14
11/29/2022,528.96,1685739,531.04,533.72,528.00
11/28/2022,530.92,1684701,530.89,536.25,528.94
11/25/2022,533.66,744222,534.16,535.86,533.07
11/23/2022,534.49,1288249,534.00,536.80,530.40
11/22/2022,531.95,1809067,529.96,532.80,526.68
11/21/2022,523.37,1268524,525.74,527.28,522.08
11/18/2022,523.67,1584684,526.87,529.54,518.19
11/17/2022,521.32,1903715,519.00,521.79,512.96
11/16/2022,524.11,1833590,521.31,528.56,520.17
11/15/2022,526.47,2502189,520.00,529.80,520.00
11/14/2022,509.68,1820240,515.77,520.70,509.42
11/11/2022,515.47,2393502,513.13,516.84,506.71
11/10/2022,513.13,3098317,504.95,514.85,501.40
11/09/2022,489.97,1640520,491.90,497.58,486.86
11/08/2022,492.76,1709907,490.73,498.26,484.51
11/07/2022,488.55,2036031,477.05,490.00,474.50
11/04/2022,486.41,1987258,490.40,492.63,476.49
11/03/2022,486.29,2010383,480.88,491.33,479.71
11/02/2022,483.51,2467966,497.80,503.24,483.27
11/01/2022,499.96,1586311,503.70,507.39,499.78
10/31/2022,501.50,2192211,509.64,509.64,500.50
10/28/2022,510.87,2369348,497.30,512.82,495.97
10/27/2022,496.54,1576567,499.81,503.01,494.14
10/26/2022,499.45,2089915,498.00,507.42,495.69
10/25/2022,499.06,2130859,493.32,500.19,490.50
10/24/2022,496.97,2366235,481.61,498.00,481.01
10/21/2022,478.18,2508437,463.71,479.57,462.28
10/20/2022,464.62,1709509,471.00,472.08,462.91
10/19/2022,471.43,1207647,467.81,474.87,466.95
10/18/2022,473.27,1863980,473.20,476.52,468.83
10/17/2022,464.17,2097535,461.65,466.88,460.48
10/14/2022,454.65,2304733,472.03,473.39,453.79
10/13/2022,467.99,3390881,458.19,471.74,449.03
10/12/2022,466.38,2043932,474.32,479.74,466.30
10/11/2022,472.02,2341373,465.00,477.25,463.70
10/10/2022,466.31,1616272,469.69,470.25,461.61
10/07/2022,468.15,2568079,478.26,479.11,466.12
10/06/2022,482.49,2430699,483.45,493.88,481.92
10/05/2022,480.32,1587657,481.30,483.87,474.82
10/04/2022,486.13,2175570,483.83,488.02,480.73
10/03/2022,477.73,2338532,474.50,480.84,470.40
09/30/2022,472.27,2436707,480.66,483.83,471.87
09/29/2022,478.98,1963927,485.61,489.01,474.07
09/28/2022,488.29,2419497,481.53,491.55,474.19
09/27/2022,478.30,2412425,485.49,488.40,475.43
09/26/2022,480.30,4001938,465.87,484.11,465.21
09/23/2022,466.40,5377805,478.94,482.32,463.53
09/22/2022,487.17,3133113,494.00,494.00,484.41
09/21/2022,493.07,2082552,502.50,506.43,493.00
09/20/2022,499.52,1843072,503.00,503.43,493.42
09/19/2022,506.57,1441346,502.16,506.71,498.89
09/16/2022,504.14,3004815,499.57,506.44,497.30
09/15/2022,503.50,1749609,508.40,509.06,500.53
09/14/2022,508.00,2007258,513.86,514.01,503.12
09/13/2022,510.30,2881436,530.79,532.24,508.69
09/12/2022,539.52,1522447,537.73,542.60,537.00
09/09/2022,536.58,1931148,532.12,538.06,529.53
09/08/2022,529.12,1600759,524.33,533.03,521.56
09/07/2022,529.64,1827910,520.00,531.66,518.90
09/06/2022,518.90,1933504,520.16,523.15,512.53
09/02/2022,519.11,1901738,532.70,534.84,516.05
09/01/2022,529.17,2280642,519.72,529.58,517.03
08/31/2022,522.10,2179809,525.54,526.32,520.26
08/30/2022,524.14,1872679,534.28,536.01,521.51
08/29/2022,531.06,1579865,527.03,535.50,524.00
08/26/2022,531.82,1886777,550.00,552.67,531.67
08/25/2022,550.77,1483254,545.74,550.91,539.55
08/24/2022,543.22,1145789,542.75,545.22,539.36
08/23/2022,542.07,1358979,545.74,546.01,536.88
08/22/2022,545.47,1860941,553.00,553.00,544.29
08/19/2022,554.53,1616955,558.65,559.26,553.17
08/18/2022,560.96,1619184,559.06,564.75,556.42
08/17/2022,556.32,1835240,550.00,559.45,549.01
08/16/2022,553.02,2497958,551.10,559.97,548.97
08/15/2022,545.75,1847952,536.40,547.00,535.68
08/12/2022,537.21,1918238,536.18,538.40,533.73
08/11/2022,532.20,2340166,543.24,543.49,531.81
08/10/2022,539.82,2336567,544.48,549.91,537.29
08/09/2022,535.82,1877305,543.64,545.00,533.89
08/08/2022,541.90,1345699,543.84,547.50,538.67
08/05/2022,540.67,1711488,537.24,541.60,533.35
08/04/2022,543.28,2000678,547.00,547.20,540.67
08/03/2022,547.01,1693324,545.00,548.70,542.12
08/02/2022,543.46,1984204,544.03,551.04,540.77
08/01/2022,546.81,2256005,541.42,552.71,541.25
07/29/2022,541.30,2131516,532.00,542.12,531.90
07/28/2022,536.18,2083253,520.28,539.18,520.28
07/27/2022,522.31,2060140,513.10,525.32,511.17
07/26/2022,511.93,3334847,515.00,519.69,508.76
07/25/2022,529.14,1452731,531.42,532.29,526.00
07/22/2022,529.72,1800760,530.71,537.11,526.07
07/21/2022,529.46,1716080,524.04,529.74,521.60
07/20/2022,524.20,1740735,521.26,526.16,516.81
07/19/2022,520.23,2391003,522.41,525.58,516.97
07/18/2022,516.30,2464070,521.86,528.53,515.67
07/15/2022,522.95,4265057,516.92,524.80,515.78
07/14/2022,511.94,3715592,496.09,513.27,493.62
07/13/2022,492.22,2008384,484.32,497.32,483.82
07/12/2022,490.57,1775346,497.01,501.90,488.04
07/11/2022,498.90,1891484,501.12,505.55,494.84
07/08/2022,501.54,2607818,497.32,505.52,497.00
07/07/2022,494.95,2125209,492.06,495.53,489.22
07/06/2022,492.65,2262272,488.26,497.02,487.78
07/05/2022,488.26,2490345,485.56,490.90,478.46
07/01/2022,485.76,2660404,481.18,491.25,478.00
06/30/2022,479.28,3852375,468.30,482.09,464.72
06/29/2022,469.84,1275598,470.95,472.97,466.42
06/28/2022,468.61,1761731,483.50,487.24,467.89
06/27/2022,481.75,2034692,485.81,487.24,477.35
06/24/2022,484.37,2862608,480.00,484.83,476.68
06/23/2022,475.00,2030070,466.37,476.28,465.71
06/22/2022,459.96,1827536,459.39,464.72,458.50
06/21/2022,463.11,2420616,450.55,464.82,449.14
06/17/2022,446.69,3623435,451.05,455.69,443.20
06/16/2022,451.76,2906555,450.31,457.77,447.97
06/15/2022,458.79,2250190,458.50,464.36,451.39
06/14/2022,454.80,2224642,452.25,458.76,450.28
06/13/2022,452.25,3113404,450.00,458.64,448.90
06/10/2022,463.31,2551932,465.00,468.19,457.76
06/09/2022,472.05,3087499,467.34,484.24,467.15
06/08/2022,467.99,1697022,471.78,474.43,466.89
06/07/2022,471.78,2435455,459.91,473.73,459.59
06/06/2022,472.47,2297043,480.50,481.00,468.91
06/03/2022,476.25,2857437,485.03,488.15,475.59
06/02/2022,487.61,4950575,460.90,491.13,457.88
06/01/2022,456.99,2319395,469.38,470.50,456.70
05/31/2022,466.22,4424541,470.76,470.80,458.03
05/27/2022,470.76,5719609,456.80,474.88,455.12
05/26/2022,464.99,5917606,449.10,468.05,447.51
05/25/2022,440.11,3225105,436.33,443.26,430.83
05/24/2022,437.71,3473424,424.80,438.73,424.35
05/23/2022,429.48,3687167,420.00,430.00,416.67
05/20/2022,416.43,5115014,428.80,428.85,406.51
05/19/2022,422.93,5839640,430.37,430.53,418.72
05/18/2022,429.40,9511603,460.00,463.86,424.55
05/17/2022,490.47,2602815,489.16,493.56,480.23
05/16/2022,494.53,1579715,496.14,497.68,489.62
05/13/2022,497.27,2338637,493.11,498.79,489.60
05/12/2022,486.18,2829489,486.79,497.26,479.76
05/11/2022,489.08,2782894,503.92,508.00,487.81
05/10/2022,501.46,2729398,509.70,510.63,495.63
05/09/2022,498.83,3292742,496.10,507.05,494.34
05/06/2022,503.36,3560758,514.40,516.44,498.82
05/05/2022,517.32,3977041,541.57,542.34,512.17
05/04/2022,544.43,2465206,531.60,546.14,522.81
05/03/2022,528.08,2398040,530.00,534.27,523.70
05/02/2022,528.95,3303362,532.23,539.20,518.27
04/29/2022,531.72,2968024,560.93,561.58,529.70
04/28/2022,562.00,2118683,555.47,564.80,545.80
04/27/2022,554.08,2261581,556.19,563.62,552.85
04/26/2022,553.76,2057352,565.25,568.34,553.31
04/25/2022,568.21,3154501,570.31,570.33,553.53
04/22/2022,571.70,2878169,590.35,591.90,571.05
04/21/2022,591.74,2027947,607.28,609.18,591.15
04/20/2022,603.53,1793337,599.15,605.28,597.31
04/19/2022,594.30,2327834,583.35,594.83,582.00
04/18/2022,582.12,2161925,585.38,592.11,579.60
04/14/2022,590.39,2206167,591.78,596.28,587.05
04/13/2022,591.09,2211841,582.47,593.49,582.47
04/12/2022,581.36,2141958,586.69,591.73,578.76
04/11/2022,584.67,2792714,598.79,601.00,582.80
04/08/2022,600.04,3230210,606.38,608.00,597.73
04/07/2022,608.05,4804249,592.29,612.27,588.78
04/06/2022,584.79,2646237,574.03,586.80,570.37
04/05/2022,575.32,1826816,572.59,583.98,572.10
04/04/2022,575.13,2202421,573.94,579.69,571.47
04/01/2022,575.57,1933507,577.38,582.99,572.31
03/31/2022,575.85,3439768,578.70,586.32,575.51
03/30/2022,576.47,2086497,570.95,578.25,568.59
03/29/2022,569.98,2005367,568.00,571.22,564.53
03/28/2022,565.21,2056125,556.74,565.26,553.50
03/25/2022,555.71,1975990,559.82,560.43,550.23
03/24/2022,558.11,1614151,555.51,558.26,549.22
03/23/2022,554.02,1546756,556.95,560.69,551.91
03/22/2022,559.42,1777494,556.96,560.35,552.33
03/21/2022,555.53,3136860,560.14,566.75,550.84
03/18/2022,561.35,3597825,552.96,562.55,549.51
03/17/2022,552.79,1974206,543.35,553.17,543.20
03/16/2022,543.39,3017225,544.53,551.62,531.26
03/15/2022,542.32,2547887,530.00,543.85,527.92
03/14/2022,525.95,1950008,527.77,535.31,523.54
03/11/2022,527.42,1735112,536.62,542.65,526.43
03/10/2022,532.72,1777660,523.11,534.37,518.14
03/09/2022,527.65,2789706,527.62,530.86,515.71
03/08/2022,523.36,3649663,526.22,539.73,522.41
03/07/2022,528.52,3896920,523.45,545.29,523.42
03/04/2022,525.50,4418923,519.50,529.92,511.78
03/03/2022,533.05,3851836,534.49,538.96,529.54
03/02/2022,528.00,2571468,524.00,533.09,519.77
03/01/2022,522.93,2316018,519.46,529.36,519.19
02/28/2022,519.25,2408949,514.30,519.63,511.30
02/25/2022,517.49,2002964,508.58,518.25,505.25
02/24/2022,505.58,2859804,483.27,506.55,482.98
02/23/2022,495.26,2021429,502.94,507.97,494.78
02/22/2022,502.18,2451796,510.00,514.58,498.16
02/18/2022,512.67,2154742,514.89,517.90,510.33
02/17/2022,515.01,2022828,509.64,518.21,507.03
02/16/2022,512.40,1770754,511.49,514.55,501.71
02/15/2022,513.92,1984779,513.34,516.00,510.76
02/14/2022,506.56,1749565,508.99,511.53,501.44
02/11/2022,509.67,2349695,518.40,521.35,507.38
02/10/2022,518.48,2558857,520.87,524.47,514.75
02/09/2022,528.83,2256668,528.00,534.24,525.68
02/08/2022,521.15,1461959,515.89,523.39,510.50
02/07/2022,515.89,1863560,521.30,522.00,514.23
02/04/2022,519.77,2387434,518.11,522.00,510.80
02/03/2022,521.77,2665116,515.88,526.44,514.21
02/02/2022,522.02,2547552,511.11,523.99,510.34
02/01/2022,508.41,2347161,505.00,509.68,496.94
01/31/2022,505.13,2480656,492.00,506.42,490.63
01/28/2022,492.43,1918479,483.74,492.73,475.90
01/27/2022,482.52,2374116,486.92,495.79,480.31
01/26/2022,483.47,3074881,483.23,493.87,478.77
01/25/2022,477.32,3076814,479.90,482.64,472.37
01/24/2022,488.90,4423868,475.55,489.97,469.01
01/21/2022,481.61,3295582,481.92,494.61,481.32
01/20/2022,482.82,2893721,490.75,499.88,481.84
01/19/2022,490.16,2709384,489.89,496.24,487.10
01/18/2022,488.07,3803545,494.46,495.08,486.86
01/14/2022,502.99,3872496,511.57,512.98,501.86
01/13/2022,516.88,2428072,527.64,529.05,515.23
01/12/2022,525.80,1729540,522.03,530.03,522.01
01/11/2022,522.03,2457299,518.80,522.47,510.29
01/10/2022,518.80,4916769,529.29,530.41,508.50
01/07/2022,536.18,2323920,547.55,548.37,534.24
01/06/2022,549.80,2503087,546.20,553.52,543.55
01/05/2022,549.92,2887485,563.69,565.05,549.77
01/04/2022,564.23,2097484,564.23,568.72,561.79
01/03/2022,566.71,2715113,565.03,567.47,555.51
12/31/2021,567.70,1509196,563.41,568.25,559.03
12/30/2021,563.91,1338748,569.53,569.88,562.37
12/29/2021,567.77,1753038,566.40,571.49,563.50
12/28/2021,564.64,1157520,563.43,566.64,560.70
12/27/2021,563.47,2263508,551.54,565.74,551.44
12/23/2021,550.37,1758107,551.74,552.61,547.49
12/22/2021,549.67,1454497,545.38,550.00,539.80
12/21/2021,545.43,2472780,550.50,551.78,536.08
12/20/2021,548.56,2033574,542.13,549.14,538.03
12/17/2021,547.61,5756845,549.32,556.47,540.98
12/16/2021,552.63,2683030,564.79,566.55,549.45
12/15/2021,565.48,2937123,546.21,566.49,545.53
12/14/2021,545.34,3494356,556.46,557.17,537.57
12/13/2021,557.22,3415151,550.44,559.75,547.98
12/10/2021,558.82,6333637,534.71,561.27,534.61
12/09/2021,524.33,3200453,528.80,532.33,523.80
12/08/2021,530.11,3037531,546.21,547.79,525.55
12/07/2021,542.02,2579798,538.25,543.00,534.71
12/06/2021,533.20,2432878,532.25,536.06,527.57
12/03/2021,528.93,2984376,529.99,537.50,524.77
12/02/2021,525.51,3277509,518.51,530.91,514.04
12/01/2021,529.84,2882122,543.10,548.25,529.40
11/30/2021,539.38,4244205,551.00,557.17,535.89
11/29/2021,554.88,2919138,546.13,560.78,542.41
11/26/2021,546.13,1844761,549.56,554.55,544.31
11/24/2021,549.73,2316441,545.54,550.83,543.32
11/23/2021,545.26,2147338,537.96,545.82,533.77
11/22/2021,539.65,2192217,533.32,545.42,532.32
11/19/2021,533.79,1913681,534.08,535.28,528.01
11/18/2021,529.37,1664995,528.16,530.80,522.49
11/17/2021,526.29,1609406,527.50,530.74,524.51
11/16/2021,526.72,1690708,519.84,528.30,517.41
11/15/2021,519.89,1392349,518.49,523.10,518.01
11/12/2021,517.17,1780234,514.25,519.66,513.23
11/11/2021,512.18,1227331,506.20,512.50,504.04
11/10/2021,505.51,1226628,508.26,510.36,503.77
11/09/2021,508.71,1881803,505.12,509.10,504.06
11/08/2021,503.81,2834829,513.41,513.41,500.20
11/05/2021,513.12,2071735,514.77,517.90,508.63
11/04/2021,515.62,2615013,507.01,520.21,506.01
11/03/2021,502.33,1856258,501.34,502.96,495.75
11/02/2021,496.99,2012216,494.74,499.49,492.72
11/01/2021,491.87,1548739,494.15,494.89,487.20
10/29/2021,491.54,2471597,486.78,494.17,486.66
10/28/2021,490.53,1362377,486.96,491.83,486.48
10/27/2021,489.11,1741794,483.85,491.50,483.56
10/26/2021,485.53,2378585,482.13,488.25,481.23
10/25/2021,490.10,1903424,481.99,492.21,479.50
10/22/2021,481.99,1710335,478.99,485.03,478.57
10/21/2021,477.23,1423275,469.77,477.65,469.08
10/20/2021,469.77,1353062,468.52,472.50,467.84
10/19/2021,467.08,1365302,463.00,467.16,460.31
10/18/2021,461.95,2141552,449.61,462.35,448.50
10/15/2021,452.39,1494790,453.89,453.94,449.18
10/14/2021,450.66,1481358,447.11,451.70,446.50
10/13/2021,445.30,1622100,448.54,450.51,444.07
10/12/2021,446.87,1380868,450.15,452.85,445.75
10/11/2021,449.70,1011739,450.04,453.69,449.54
10/08/2021,451.85,1545827,455.44,455.75,450.00
10/07/2021,452.87,1966239,456.47,459.59,452.07
10/06/2021,449.34,1334571,443.93,449.78,442.38
10/05/2021,446.24,1808749,439.58,449.11,439.25
10/04/2021,440.14,2263953,448.34,449.35,436.17
10/01/2021,448.33,1860677,449.73,451.08,440.76
09/30/2021,449.35,1837244,453.62,455.36,449.30
09/29/2021,451.79,1921956,449.87,456.00,448.90
09/28/2021,447.35,2632660,457.14,457.50,445.67
09/27/2021,460.56,2526024,465.55,470.49,457.24
09/24/2021,467.75,3353758,455.98,468.72,455.00
09/23/2021,452.78,2061230,452.30,455.55,451.10
09/22/2021,452.33,1380811,454.70,455.35,449.84
09/21/2021,452.11,1531266,451.14,456.84,450.16
09/20/2021,451.14,2602049,456.63,460.95,446.62
09/17/2021,459.51,3411408,461.62,462.82,457.02
09/16/2021,463.31,1577709,460.79,463.77,456.57
09/15/2021,460.73,1770339,458.24,462.25,456.14
09/14/2021,458.41,1383887,460.95,462.20,457.42
09/13/2021,459.66,1679467,467.06,468.24,458.20
09/10/2021,465.16,1324815,467.17,468.40,463.20
09/09/2021,465.94,1398718,467.34,469.77,465.24
09/08/2021,465.70,1372045,459.11,465.83,458.08
09/07/2021,459.60,1463507,462.50,463.20,457.63
09/03/2021,462.55,1303809,459.00,463.60,459.00
09/02/2021,460.97,1455945,459.42,461.44,458.39
09/01/2021,456.52,1325361,455.48,456.68,451.85
08/31/2021,455.49,1699018,456.14,456.88,452.44
08/30/2021,455.93,1220030,451.04,456.59,450.44
08/27/2021,450.34,1310420,449.31,451.62,446.80
08/26/2021,449.31,1418645,451.23,452.48,446.70
08/25/2021,451.23,1520567,450.83,452.82,447.32
08/24/2021,451.79,1541681,455.25,455.39,450.30
08/23/2021,454.93,1835928,457.27,459.06,454.59
08/20/2021,458.99,1911198,455.49,460.62,453.66
08/19/2021,454.26,1953733,442.95,455.50,441.31
08/18/2021,446.21,2030106,450.96,455.24,445.90
08/17/2021,452.34,1936682,452.86,453.78,449.70
08/16/2021,452.86,1515994,447.91,453.19,447.05
08/13/2021,447.82,1309261,445.78,448.36,444.54
08/12/2021,445.36,1230906,443.00,446.63,442.25
08/11/2021,444.30,2267691,445.50,448.00,441.80
08/10/2021,443.03,1893669,440.66,443.80,440.66
08/09/2021,440.47,1472778,440.65,442.78,439.31
08/06/2021,439.63,1789843,442.73,443.46,438.90
08/05/2021,443.19,1742634,437.75,443.50,436.73
08/04/2021,435.04,1280471,436.00,437.99,432.89
08/03/2021,435.07,1448146,429.92,436.80,429.12
08/02/2021,428.92,1367176,430.62,430.71,425.48
07/30/2021,429.72,2284040,425.98,431.50,425.94
07/29/2021,425.28,1434216,421.68,425.85,420.36
07/28/2021,422.22,1362771,423.27,424.86,420.54
07/27/2021,424.34,1666513,424.00,424.56,421.60
07/26/2021,423.23,1220157,423.40,424.50,420.35
07/23/2021,423.43,1344487,418.29,423.99,417.05
07/22/2021,417.54,1339236,416.00,418.60,413.55
07/21/2021,415.01,1480316,417.11,417.11,412.22
07/20/2021,416.24,2045376,414.00,418.07,412.85
07/19/2021,414.15,2293142,410.06,415.32,410.05
07/16/2021,410.37,1414087,412.12,413.42,409.77
07/15/2021,411.82,1894087,410.46,412.20,407.88
07/14/2021,409.95,1265817,408.58,410.47,407.26
07/13/2021,407.06,1540373,404.70,409.29,404.70
07/12/2021,407.88,2491334,414.04,414.35,404.53
07/09/2021,412.37,2304223,408.55,414.00,407.59
07/08/2021,407.15,2235549,403.50,408.64,403.16
07/07/2021,404.68,2308605,399.20,406.12,399.20
07/06/2021,398.86,2113374,399.84,401.40,397.11
07/02/2021,398.94,1677408,396.21,400.77,396.11
07/01/2021,394.53,1523396,396.30,397.69,393.88
06/30/2021,395.67,2031670,397.97,400.47,395.00
06/29/2021,398.79,1523560,396.30,399.44,395.47
06/28/2021,396.54,1645500,395.00,397.42,393.13
06/25/2021,394.51,2056384,392.97,394.55,391.25
06/24/2021,392.07,1487380,393.42,395.50,391.80
06/23/2021,391.97,1538035,393.00,393.44,390.59
06/22/2021,392.18,1934772,387.02,392.50,386.56
06/21/2021,386.80,1631569,382.25,387.65,380.56
06/18/2021,380.88,3415714,384.75,384.91,380.30
06/17/2021,384.75,1686533,380.38,386.47,379.21
06/16/2021,379.41,1801720,384.40,386.44,377.12
06/15/2021,383.91,1252017,383.76,384.50,381.56
06/14/2021,383.76,1652625,380.79,383.98,379.08
06/11/2021,381.83,1404299,383.86,383.86,380.53
06/10/2021,383.01,1404154,380.27,383.36,379.49
06/09/2021,379.96,1399154,380.21,381.78,379.13
06/08/2021,379.70,1554048,380.41,381.21,377.69
06/07/2021,380.40,2515804,385.47,386.45,378.57
06/04/2021,387.52,1765934,384.19,387.76,383.71
06/03/2021,383.87,1780524,379.64,384.19,378.86
06/02/2021,380.59,1881042,378.38,381.92,377.71
06/01/2021,378.23,2117770,379.93,380.20,375.50
05/28/2021,378.27,4682400,384.15,385.31,377.03
05/27/2021,387.50,4452001,385.13,387.77,383.50
05/26/2021,385.62,1647955,385.86,387.75,385.02
05/25/2021,385.38,1379749,383.62,385.74,382.03
05/24/2021,383.45,1657024,384.34,385.76,381.89
05/21/2021,380.72,1706560,385.05,385.35,380.43
05/20/2021,383.58,1427343,379.18,384.52,378.28
05/19/2021,379.66,1725320,377.15,381.73,376.13
05/18/2021,382.81,1698198,386.45,389.45,382.51
05/17/2021,383.96,1830155,385.04,387.05,382.90
05/14/2021,384.42,1876138,382.14,385.82,380.10
05/13/2021,379.53,2023855,373.09,381.44,371.57
05/12/2021,372.20,2344572,376.00,376.94,371.11
05/11/2021,378.18,1859681,379.31,380.92,376.00
05/10/2021,381.48,1998663,385.49,387.89,381.28
05/07/2021,384.32,1817365,382.83,386.45,382.20
05/06/2021,382.76,2641378,373.19,382.94,373.19
05/05/2021,372.50,1905324,376.35,377.52,372.05
05/04/2021,375.29,2133796,379.03,379.23,373.75
05/03/2021,379.32,2685849,373.84,379.62,372.89
04/30/2021,372.09,2118990,372.91,374.16,371.33
04/29/2021,373.54,1848301,368.54,374.71,368.53
04/28/2021,369.59,1305602,369.55,370.50,368.18
04/27/2021,370.21,1875871,368.17,370.96,365.29
04/26/2021,368.52,2059737,373.90,373.90,368.21
04/23/2021,373.28,1404929,371.26,374.85,370.41
04/22/2021,371.26,2138003,374.34,375.44,370.03
04/21/2021,374.09,1532098,371.61,374.58,371.47
04/20/2021,371.73,2330659,369.00,375.36,368.73
04/19/2021,369.55,1560002,371.00,371.53,368.20
04/16/2021,370.72,2249168,369.70,372.80,368.58
04/15/2021,368.80,1850332,364.88,369.55,364.27
04/14/2021,363.17,1509408,364.85,364.85,362.55
04/13/2021,365.21,1796367,365.34,367.30,364.27
04/12/2021,364.81,1836606,362.84,365.25,361.34
04/09/2021,363.21,1610750,360.91,363.71,359.60
04/08/2021,361.22,2839157,362.80,366.02,359.60
04/07/2021,358.81,1808369,360.87,361.46,357.61
04/06/2021,360.12,2142011,359.80,362.80,359.00
04/05/2021,360.82,2705656,357.50,362.67,356.84
04/01/2021,354.94,2938607,352.54,357.32,351.63
03/31/2021,352.48,2832221,350.66,357.45,349.23
03/30/2021,349.75,2602426,353.58,354.77,348.84
03/29/2021,356.15,3011985,351.45,357.77,351.01
03/26/2021,352.02,3061215,346.21,352.46,344.10
03/25/2021,346.34,4307145,337.81,347.78,337.27
03/24/2021,338.04,3006369,342.22,342.51,336.83
03/23/2021,340.34,3641218,333.89,342.51,333.80
03/22/2021,334.49,4064876,328.45,336.17,328.19
03/19/2021,328.91,4859256,323.61,329.25,322.39
03/18/2021,322.98,2738244,326.48,328.14,322.38
03/17/2021,329.19,2672370,326.00,330.50,324.12
03/16/2021,327.25,3066700,329.67,330.03,326.64
03/15/2021,330.51,3244291,333.60,333.68,327.32
03/12/2021,331.14,3182073,328.10,331.63,325.60
03/11/2021,328.65,4338898,330.41,331.25,326.72
03/10/2021,323.83,4523512,321.14,327.39,317.32
03/09/2021,318.78,5426779,313.76,320.28,312.71
03/08/2021,311.42,4873459,318.91,322.33,310.92
03/05/2021,317.32,8102777,315.33,318.43,307.00
03/04/2021,319.04,5501245,323.37,325.60,315.04
03/03/2021,323.92,4064203,328.17,328.42,323.76
03/02/2021,328.46,4660068,333.69,334.69,328.42
03/01/2021,331.77,4656825,335.21,336.00,331.36
02/26/2021,331.00,3362224,335.51,335.89,330.94
02/25/2021,333.90,3618077,340.85,343.00,333.35
02/24/2021,340.70,3305848,341.79,342.50,337.89
02/23/2021,342.15,3692638,349.80,351.00,342.03
02/22/2021,350.21,2215579,352.75,353.29,348.82
02/19/2021,354.77,1839533,356.69,357.93,354.58
02/18/2021,356.92,1915706,352.28,358.20,352.28
02/17/2021,358.04,2145058,353.11,358.17,351.91
02/16/2021,354.00,1829035,353.08,355.36,352.04
02/12/2021,352.75,2096607,351.99,352.98,350.10
02/11/2021,352.20,2088355,355.73,356.50,351.39
02/10/2021,356.12,2162400,361.00,361.00,355.12
02/09/2021,359.56,2153966,360.04,361.67,358.30
02/08/2021,359.83,2520650,356.57,360.04,355.57
02/05/2021,355.17,2165628,356.55,356.85,354.10
02/04/2021,355.85,3411624,356.71,358.38,353.85
02/03/2021,355.21,1759821,356.23,357.53,353.21
02/02/2021,355.58,1905007,351.76,357.70,350.72
02/01/2021,350.52,2371160,351.21,352.79,349.21
01/29/2021,352.43,2598738,354.75,356.29,351.88
01/28/2021,357.06,2251115,356.85,361.61,356.07
01/27/2021,356.39,3120813,362.99,365.80,354.85
01/26/2021,364.98,1806952,360.20,365.90,358.88
01/25/2021,361.88,2735901,360.86,361.96,356.82
01/22/2021,362.30,1960295,363.20,364.63,359.85
01/21/2021,362.80,2122581,361.30,363.99,359.94
01/20/2021,361.30,2767231,354.39,361.90,353.41
01/19/2021,354.47,4533829,362.36,362.95,352.44
01/15/2021,362.16,2340396,361.06,364.91,360.80
01/14/2021,362.35,2363869,366.00,366.50,361.56
01/13/2021,366.95,1968804,364.37,368.74,363.00
01/12/2021,364.20,2387580,364.00,365.07,360.25
01/11/2021,364.01,2564790,368.58,371.00,363.86
01/08/2021,369.94,2599696,368.12,370.26,364.29
01/07/2021,367.92,2849525,371.01,371.65,366.79
01/06/2021,370.02,2661436,373.82,375.80,369.65
01/05/2021,375.74,2748442,378.86,380.21,375.25
01/04/2021,380.15,3322184,377.43,381.55,374.81
12/31/2020,376.78,1628904,374.99,377.04,372.46
12/30/2020,374.45,1777985,374.20,375.86,373.28
12/29/2020,372.72,2072603,372.25,373.26,370.26
12/28/2020,371.06,3207654,365.50,371.69,365.08
12/24/2020,364.58,972522,361.41,365.34,361.41
12/23/2020,361.89,1782110,362.45,363.10,359.50
12/22/2020,362.03,2106626,364.10,364.76,360.61
12/21/2020,364.97,2329659,365.09,366.12,361.81
12/18/2020,367.00,4140033,371.10,371.36,365.93
12/17/2020,370.29,2314176,370.26,370.97,368.00
12/16/2020,369.44,2385081,371.16,372.84,368.85
12/15/2020,371.88,2137136,374.51,375.69,369.30
12/14/2020,374.38,2778433,376.56,378.18,373.21
12/11/2020,375.10,3483947,379.77,379.77,372.54
12/10/2020,372.79,2566344,374.29,375.00,371.56
12/09/2020,374.29,2461551,379.88,381.00,372.80
12/08/2020,377.60,2685523,373.95,379.52,370.75
12/07/2020,373.33,2652928,374.27,376.50,372.65
12/04/2020,373.43,2839727,375.21,375.31,371.89
12/03/2020,374.05,3976442,378.00,378.73,373.28
12/02/2020,383.50,2212845,385.47,386.88,381.57
12/01/2020,387.56,2998441,384.50,388.07,381.18
11/30/2020,391.77,3733758,391.75,393.15,385.23
11/27/2020,388.39,1329425,390.46,390.67,387.75
11/25/2020,387.75,2034236,385.79,388.34,385.56
11/24/2020,384.22,2065672,383.69,386.05,380.71
11/23/2020,381.71,1685136,383.00,383.06,380.34
11/20/2020,381.12,1809463,383.95,385.50,381.01
11/19/2020,383.54,1768904,383.61,384.71,380.31
11/18/2020,382.23,2134609,382.89,388.05,381.73
11/17/2020,381.92,3299130,387.32,388.48,381.79
11/16/2020,379.79,1691460,376.91,381.28,376.91
11/13/2020,378.84,1275252,376.52,379.83,374.99
11/12/2020,375.71,1537419,376.95,378.24,373.50
11/11/2020,372.92,1688755,369.68,374.70,368.16
11/10/2020,366.62,2662644,363.88,371.54,360.59
11/09/2020,365.00,4371322,388.25,389.50,364.76
11/06/2020,385.66,1950329,381.88,386.80,380.89
11/05/2020,385.23,2255767,382.48,386.58,379.50
11/04/2020,376.17,2450234,374.02,381.64,374.00
11/03/2020,371.96,2013103,368.94,374.80,367.89
11/02/2020,364.39,1646349,362.22,365.66,360.71
10/30/2020,357.62,2724917,361.13,363.85,355.79
10/29/2020,364.86,1838468,363.23,369.09,362.51
10/28/2020,364.96,1908295,367.33,372.41,364.67
10/27/2020,372.72,1525684,368.77,374.91,368.77
10/26/2020,370.71,2144995,366.68,372.63,366.12
10/23/2020,374.60,1107978,375.61,376.52,373.56
10/22/2020,375.75,1813550,377.35,378.38,372.03
10/21/2020,377.82,1466495,378.56,381.28,377.02
10/20/2020,378.31,1282650,377.69,382.08,376.12
10/19/2020,375.56,1938064,382.03,383.09,374.71
10/16/2020,381.54,2460490,380.50,384.87,379.12
10/15/2020,376.58,1699338,376.46,378.36,373.06
10/14/2020,378.34,1905710,382.89,383.87,376.70
10/13/2020,380.68,1823278,378.42,382.29,376.48
10/12/2020,376.48,2806875,371.00,380.66,370.77
10/09/2020,369.46,1730688,366.00,369.75,365.70
10/08/2020,365.09,1793133,364.80,365.97,361.75
10/07/2020,363.02,1959147,360.47,364.74,359.66
10/06/2020,358.35,2760443,361.90,363.00,357.04
10/05/2020,358.58,2093540,355.33,358.98,355.33
10/02/2020,355.01,2124977,354.73,357.84,352.85
10/01/2020,358.46,2052988,356.26,359.69,354.82
09/30/2020,355.00,2525800,352.56,357.70,351.17
09/29/2020,352.14,2526612,348.95,354.29,347.10
09/28/2020,349.62,3459192,343.76,349.77,343.10
09/25/2020,342.58,7338492,340.74,343.77,335.36
09/24/2020,347.00,5779283,345.00,347.33,338.31
09/23/2020,344.63,3577124,348.00,348.25,344.06
09/22/2020,344.45,2128063,340.70,344.90,339.59
09/21/2020,339.57,2427359,333.97,339.62,333.71
09/18/2020,335.96,3409322,340.20,341.22,331.20
09/17/2020,338.88,2681457,339.58,342.89,336.37
09/16/2020,343.73,1657876,347.27,348.76,343.25
09/15/2020,343.91,1362499,345.02,347.76,342.75
09/14/2020,342.92,1522316,340.99,344.84,340.47
09/11/2020,339.13,1599904,340.28,343.26,336.10
09/10/2020,339.53,1959599,346.27,348.00,338.76
09/09/2020,346.43,2100864,340.90,349.70,340.39
09/08/2020,338.86,2144332,343.84,344.92,338.18
09/04/2020,346.57,2557093,353.98,353.98,340.40
09/03/2020,348.30,3630441,363.07,363.67,345.52
09/02/2020,358.86,2434933,353.61,359.92,351.31
09/01/2020,351.38,1774856,345.71,351.49,345.41
08/31/2020,347.66,1586941,346.85,348.75,344.29
08/28/2020,348.37,1487324,347.47,349.06,345.50
08/27/2020,346.36,2221007,345.61,347.74,342.55
08/26/2020,344.27,1757268,343.01,344.83,341.69
08/25/2020,344.71,1176166,344.14,344.91,341.46
08/24/2020,344.13,1461915,345.11,346.11,342.11
08/21/2020,344.61,2372580,340.07,345.84,339.33
08/20/2020,340.87,1717482,340.14,341.66,338.74
08/19/2020,340.90,1730080,341.12,341.94,339.95
08/18/2020,340.75,1489444,341.00,342.80,336.81
08/17/2020,339.96,1504934,337.65,340.37,337.36
08/14/2020,336.28,1522984,336.53,338.76,335.60
08/13/2020,335.70,1536633,336.99,339.46,335.13
08/12/2020,336.76,1854172,333.75,338.90,333.17
08/11/2020,332.43,2065571,340.85,340.85,331.80
08/10/2020,340.00,1503771,340.71,341.07,338.58
08/07/2020,340.91,1759041,343.14,344.73,339.63
08/06/2020,343.31,2104513,342.41,345.12,341.61
08/05/2020,339.97,2927467,341.86,342.73,337.59
08/04/2020,339.79,3933264,329.56,339.82,328.92
08/03/2020,329.32,2481263,325.55,329.89,324.30
07/31/2020,325.53,2150823,324.82,326.31,322.55
07/30/2020,324.82,1390255,322.69,326.45,322.00
07/29/2020,326.14,1341333,327.02,328.04,325.39
07/28/2020,327.57,1374015,327.97,330.00,325.82
07/27/2020,327.60,2083279,325.68,329.00,325.18
07/24/2020,325.78,1423600,326.22,328.75,324.67
07/23/2020,326.11,1561673,328.10,330.38,325.33
07/22/2020,328.30,1313011,329.65,329.66,325.01
07/21/2020,327.74,1874532,327.00,331.49,326.50
07/20/2020,326.51,1863548,324.89,327.44,322.66
07/17/2020,324.79,1768460,327.30,327.80,324.58
07/16/2020,326.27,1402091,326.62,327.90,324.06
07/15/2020,326.70,1770661,328.10,329.32,325.62
07/14/2020,328.00,1844806,321.32,328.66,320.45
07/13/2020,322.92,2583423,326.30,329.11,321.50
07/10/2020,326.23,2484088,326.00,327.40,323.11
07/09/2020,325.54,5313636,320.00,328.98,319.68
07/08/2020,316.32,2364495,317.14,318.05,314.01
07/07/2020,316.23,3346634,310.02,318.05,309.72
07/06/2020,311.49,2332442,307.53,311.56,307.24
07/02/2020,305.74,2540480,306.00,308.92,304.60
07/01/2020,304.75,1906372,302.50,305.58,300.75
06/30/2020,303.21,2392034,301.01,304.62,300.14
06/29/2020,301.59,1841733,297.44,301.63,296.83
06/26/2020,296.56,2865999,300.41,302.12,295.95
06/25/2020,300.53,2274283,297.06,301.15,295.40
06/24/2020,298.02,2398089,300.77,301.28,296.60
06/23/2020,301.29,2409639,301.73,304.90,300.73
06/22/2020,300.45,2094436,299.70,301.48,298.25
06/19/2020,299.90,3432670,300.18,301.90,298.64
06/18/2020,299.57,1881774,300.00,300.81,297.79
06/17/2020,299.61,2188401,301.02,302.00,298.90
06/16/2020,301.36,2641785,301.35,302.74,299.22
06/15/2020,297.18,3273164,297.05,298.07,293.84
06/12/2020,298.70,4020006,302.67,305.15,296.25
06/11/2020,300.83,3443012,306.99,309.20,300.64
06/10/2020,307.33,2713706,306.48,308.63,305.65
06/09/2020,305.55,3155845,307.50,308.60,305.17
06/08/2020,307.19,3764466,310.66,311.29,306.46
06/05/2020,312.04,4375602,313.13,313.63,307.29
06/04/2020,310.75,4553928,310.85,315.35,309.09
06/03/2020,306.64,2165864,307.50,308.20,305.92
06/02/2020,307.09,2528938,307.95,309.02,304.72
06/01/2020,308.29,2295127,307.90,309.74,306.46
05/29/2020,308.47,4986799,304.20,308.88,302.35
05/28/2020,309.56,4331638,307.25,311.00,306.90
05/27/2020,306.01,2980169,304.56,306.31,299.47
05/26/2020,304.80,3234571,306.01,306.90,303.53
05/22/2020,302.43,2366382,302.01,303.94,300.83
05/21/2020,301.97,2492065,304.79,305.04,301.25
05/20/2020,304.91,2826982,306.77,307.92,303.20
05/19/2020,304.63,3522987,304.62,309.03,303.15
05/18/2020,302.76,3989551,301.72,303.19,299.92
05/15/2020,299.21,4577214,299.07,299.84,295.86
05/14/2020,299.74,3718907,301.01,302.88,294.54
05/13/2020,302.14,2954935,304.84,306.40,300.12
05/12/2020,304.84,2264914,310.84,311.55,304.79
05/11/2020,310.33,1865889,305.64,311.83,305.00
05/08/2020,305.94,2339313,305.90,307.18,303.70
05/07/2020,305.00,2606254,309.34,309.87,304.53
05/06/2020,308.89,2406651,309.92,311.04,306.54
05/05/2020,307.92,2461329,305.06,309.80,303.44
05/04/2020,304.49,2477537,303.00,305.53,300.07
05/01/2020,301.92,2525566,301.78,304.82,300.18
04/30/2020,303.00,3794292,306.15,307.90,302.57
04/29/2020,307.09,3667703,304.95,308.68,301.12
04/28/2020,304.95,2425940,310.83,311.27,304.28
04/27/2020,308.78,2287280,313.05,313.29,307.59
04/24/2020,310.55,2020576,307.33,310.83,305.51
04/23/2020,305.40,2625238,307.03,309.64,304.79
04/22/2020,309.42,2971194,304.00,311.13,302.04
04/21/2020,301.33,3832994,311.14,311.89,299.35
04/20/2020,312.08,3156287,317.95,318.38,311.53
04/17/2020,317.92,3688002,321.31,322.13,314.02
04/16/2020,321.56,3940021,314.73,322.63,312.04
04/15/2020,310.27,2937330,311.64,313.75,306.82
04/14/2020,314.14,4288349,302.75,314.75,301.25
04/13/2020,299.62,3120354,298.58,303.95,297.66
04/09/2020,300.01,6492651,299.45,304.35,297.58
04/08/2020,305.97,3964434,305.11,307.42,302.28
04/07/2020,303.63,4036513,306.50,310.00,303.22
04/06/2020,305.12,5272534,293.00,305.49,289.57
04/03/2020,288.65,2650063,289.16,292.34,285.80
04/02/2020,291.48,3500595,284.38,292.78,282.82
04/01/2020,286.78,3745783,282.36,288.80,280.90
03/31/2020,285.13,5623886,287.42,291.52,284.00
03/30/2020,291.12,4395977,287.49,291.68,285.84
03/27/2020,284.33,4250350,287.13,293.49,283.33
03/26/2020,292.30,5471961,281.34,293.73,280.86
03/25/2020,280.86,5639577,284.21,290.72,279.21
03/24/2020,284.94,7124190,294.59,297.35,282.83
03/23/2020,285.53,5646352,292.01,295.67,278.42
03/20/2020,290.42,6581183,307.92,308.01,287.02
03/19/2020,305.22,5429502,310.41,313.85,302.63
03/18/2020,307.50,6701800,298.00,318.00,296.00
03/17/2020,306.99,7170645,289.00,307.19,286.30
03/16/2020,283.18,5465540,281.83,299.53,279.51
03/13/2020,302.27,6100115,288.83,303.25,278.27
03/12/2020,279.85,7307637,280.44,295.63,276.34
03/11/2020,297.43,3625906,300.86,307.79,294.19
03/10/2020,309.40,4245488,307.97,309.73,294.42
03/09/2020,301.98,5203087,295.85,310.33,293.00
03/06/2020,311.34,6185520,312.14,317.49,302.75
03/05/2020,315.76,6407662,315.77,324.51,313.20
03/04/2020,320.74,4219326,308.29,320.97,305.02
03/03/2020,302.73,5131419,309.14,314.17,301.03
03/02/2020,309.14,7563779,294.44,309.51,291.38
02/28/2020,281.14,7096587,285.25,287.34,271.28
02/27/2020,293.13,3625276,301.98,305.00,293.00
02/26/2020,305.69,2239556,307.55,311.30,304.68
02/25/2020,304.87,2881835,315.00,316.57,304.40
02/24/2020,313.62,2300379,315.50,320.00,313.26
02/21/2020,321.95,2239230,322.56,325.26,321.03
02/20/2020,324.08,1427524,322.32,325.07,321.01
02/19/2020,323.02,1413768,322.08,324.53,321.73
02/18/2020,322.05,1547929,319.00,323.48,318.61
02/14/2020,318.31,1113716,318.87,319.81,316.95
02/13/2020,318.20,1438248,314.85,318.79,313.54
02/12/2020,315.12,1384611,310.77,315.48,310.77
02/11/2020,310.68,2047510,314.03,314.43,310.47
02/10/2020,313.79,2336523,313.76,316.94,312.60
02/07/2020,313.63,1903467,310.00,313.81,309.12
02/06/2020,310.61,1917896,309.35,311.84,307.85
02/05/2020,308.95,1731802,307.00,309.59,305.40
02/04/2020,304.90,1982323,304.57,305.91,302.76
02/03/2020,302.00,2817541,307.00,308.58,301.67
01/31/2020,305.52,1836994,308.55,309.18,304.56
01/30/2020,309.47,1232855,308.84,309.64,306.67
01/29/2020,309.58,1714823,310.86,311.97,309.39
01/28/2020,310.85,1571672,310.51,311.71,309.10
01/27/2020,309.45,2265350,306.15,311.77,305.65
01/24/2020,310.51,1986279,314.02,314.28,309.10
01/23/2020,312.88,1535973,312.02,313.40,310.73
01/22/2020,311.89,2219022,313.40,313.56,310.21
01/21/2020,313.26,3585918,306.20,313.34,305.76
01/17/2020,304.68,2506588,303.40,305.30,303.03
01/16/2020,303.03,1758762,301.39,304.06,300.98
01/15/2020,300.82,1604433,298.35,301.04,298.04
01/14/2020,299.75,1460562,299.25,301.00,298.58
01/13/2020,299.87,1779744,296.92,300.65,296.80
01/10/2020,297.24,2025220,300.00,300.27,296.66
01/09/2020,299.42,3262225,298.55,301.96,297.71
01/08/2020,294.69,2495438,290.99,295.48,290.50
01/07/2020,291.35,1971494,291.32,291.69,289.28
01/06/2020,291.81,2655433,290.55,292.07,288.62
01/03/2020,291.73,1926624,290.05,292.90,289.33
01/02/2020,291.49,2052922,294.06,294.58,291.00
12/31/2019,293.92,1551191,295.00,295.45,292.18
12/30/2019,295.14,1238990,294.20,295.61,293.66
12/27/2019,294.11,1439479,296.22,296.30,293.18
12/26/2019,295.73,1103034,294.49,295.73,293.90
12/24/2019,294.23,543581,293.91,294.45,293.36
12/23/2019,293.31,1309886,294.91,295.31,293.03
12/20/2019,294.83,4866674,293.85,295.02,292.78
12/19/2019,293.71,2595501,292.06,293.81,291.50
12/18/2019,291.87,3311187,295.99,296.36,291.82
12/17/2019,295.55,2474762,293.50,296.30,292.75
12/16/2019,293.50,2410244,293.03,294.46,292.85
12/13/2019,291.87,5204305,294.64,295.00,289.10
12/12/2019,297.34,2754453,295.27,297.76,294.12
12/11/2019,295.30,1752457,296.00,296.35,293.05
12/10/2019,295.78,1566311,296.03,296.69,294.55
12/09/2019,295.16,1986336,295.00,297.19,294.55
12/06/2019,294.95,1462553,294.98,295.99,294.26
12/05/2019,293.10,1941250,297.13,297.13,292.50
12/04/2019,296.52,1742589,296.04,297.16,295.15
12/03/2019,295.67,1962133,295.13,296.19,292.70
12/02/2019,297.39,2706951,299.75,300.20,294.27
11/29/2019,299.81,981610,300.82,300.89,299.66
11/27/2019,300.76,1907095,301.82,302.79,300.57
11/26/2019,301.24,3360612,299.26,301.35,298.82
11/25/2019,299.05,1613126,300.29,300.63,297.55
11/22/2019,299.31,1277594,301.94,301.94,297.23
11/21/2019,300.27,1303042,300.69,301.87,299.52
11/20/2019,300.57,1979783,302.44,303.17,298.01
11/19/2019,302.24,1761832,304.50,304.64,301.45
11/18/2019,304.54,1242504,303.11,306.38,302.75
11/15/2019,303.66,1707125,305.31,305.44,301.60
11/14/2019,304.59,1337458,304.39,305.89,302.27
11/13/2019,302.90,1554889,300.18,304.00,299.52
11/12/2019,300.50,1540974,300.83,302.73,298.66
11/11/2019,300.84,1160960,301.55,302.33,299.70
11/08/2019,302.62,1502221,302.74,304.29,301.28
11/07/2019,305.21,2399391,303.93,307.10,302.48
11/06/2019,301.57,1675008,299.97,301.65,297.93
11/05/2019,299.18,2204542,297.09,299.69,295.81
11/04/2019,296.82,1651608,297.16,298.22,295.17
11/01/2019,296.09,1364483,297.99,298.42,295.50
10/31/2019,297.11,2277444,298.36,299.62,294.55
10/30/2019,299.84,1264263,296.92,300.25,295.97
10/29/2019,295.86,1295287,298.21,298.94,295.81
10/28/2019,298.94,1672606,295.70,299.09,295.21
10/25/2019,296.50,1686226,295.52,297.25,295.11
10/24/2019,297.05,2117020,295.05,298.28,294.56
10/23/2019,297.32,1810559,299.58,300.05,297.18
10/22/2019,299.97,1970748,301.61,304.88,299.95
10/21/2019,301.08,1395154,303.00,303.51,300.17
10/18/2019,302.86,1853976,302.00,304.00,300.98
10/17/2019,302.40,1811818,298.85,302.61,298.85
10/16/2019,298.78,1827669,296.80,298.97,295.08
10/15/2019,298.39,1601860,298.32,299.64,297.23
10/14/2019,297.52,1313041,298.00,300.34,297.50
10/11/2019,297.60,1891654,298.07,300.76,297.36
10/10/2019,297.14,1721504,298.63,299.48,296.26
10/09/2019,296.90,2287230,293.11,298.57,293.11
10/08/2019,291.89,2224561,292.95,295.58,290.45
10/07/2019,293.41,2051519,291.04,295.69,290.50
10/04/2019,291.67,4536695,287.85,291.95,283.32
10/03/2019,289.00,3958168,285.39,290.86,281.60
10/02/2019,285.11,2506362,283.23,285.79,282.22
10/01/2019,283.93,2654476,288.04,288.68,283.18
09/30/2019,288.11,2179096,287.70,288.62,286.57
09/27/2019,285.95,1538930,289.53,289.53,284.40
09/26/2019,288.26,1891317,289.43,289.81,286.60
09/25/2019,288.51,1848371,288.26,289.68,286.87
09/24/2019,287.91,2495624,289.30,292.62,286.40
09/23/2019,287.57,2058102,286.36,288.13,285.75
09/20/2019,286.36,3473365,288.75,289.41,286.14
09/19/2019,287.83,3055125,289.49,289.76,284.71
09/18/2019,292.43,1687336,290.70,293.57,288.80
09/17/2019,291.41,1776040,289.56,291.79,288.69
09/16/2019,288.69,1508893,290.57,291.38,288.34
09/13/2019,291.90,2306343,290.20,294.07,289.85
09/12/2019,289.89,2942632,290.34,292.75,288.68
09/11/2019,290.69,4754696,294.30,295.74,287.81
09/10/2019,297.00,2724986,297.38,298.25,294.58
09/09/2019,299.00,3397183,304.50,307.34,298.21
09/06/2019,303.76,3018101,299.20,304.64,298.29
09/05/2019,296.97,1865731,298.43,299.71,296.68
09/04/2019,296.12,1376086,294.00,296.30,293.77
09/03/2019,292.05,1843045,292.57,294.00,290.46
08/30/2019,294.76,1801420,298.00,298.28,292.83
08/29/2019,296.57,2614701,297.48,297.73,292.76
08/28/2019,294.49,5165054,293.75,299.95,292.42
08/27/2019,292.38,5176415,281.00,293.44,280.34
08/26/2019,278.46,1426519,275.75,278.53,275.69
08/23/2019,274.01,1984929,278.21,280.13,272.70
08/22/2019,279.92,2345701,277.01,280.99,276.87
08/21/2019,275.68,1682347,275.41,276.54,274.70
08/20/2019,272.97,1390900,276.28,276.36,272.85
08/19/2019,275.61,1314844,276.41,277.38,274.55
08/16/2019,274.10,1278604,274.10,276.07,273.44
08/15/2019,271.52,1651115,270.53,272.97,268.77
08/14/2019,268.15,2122137,274.00,275.36,268.00
08/13/2019,276.26,1743336,271.18,278.16,270.01
08/12/2019,271.31,1638619,274.03,274.98,269.30
08/09/2019,273.94,1284267,274.58,275.47,271.91
08/08/2019,274.80,2046674,273.04,274.84,271.00
08/07/2019,274.30,3037469,268.18,274.86,263.59
08/06/2019,269.31,2383225,266.47,270.23,264.05
08/05/2019,265.10,3329760,270.09,270.55,262.71
08/02/2019,272.50,1969165,274.30,274.94,270.50
08/01/2019,274.57,2634609,275.75,280.93,274.31
07/31/2019,275.63,1886852,279.02,279.72,272.63
07/30/2019,279.50,978168,280.27,280.57,279.10
07/29/2019,280.13,1257360,281.01,281.30,279.54
07/26/2019,281.37,1447719,279.80,281.77,279.12
07/25/2019,279.80,1600168,281.20,281.94,279.34
07/24/2019,280.83,1257368,279.83,281.24,279.01
07/23/2019,280.10,1117826,281.85,282.08,279.02
07/22/2019,280.17,1461682,281.22,282.32,279.32
07/19/2019,281.51,1607618,283.07,284.31,281.35
07/18/2019,282.91,1696366,282.20,283.06,279.19
07/17/2019,281.56,1716730,281.05,282.85,280.22
07/16/2019,280.65,1379215,281.00,281.37,279.78
07/15/2019,280.58,1568031,279.94,280.70,278.90
07/12/2019,279.44,2046480,276.50,280.00,276.01
07/11/2019,276.54,1985628,272.33,276.77,271.81
07/10/2019,271.42,1256976,270.05,271.53,269.34
07/09/2019,269.97,1400472,269.36,270.78,268.49
07/08/2019,269.40,1236007,268.33,269.69,267.35
07/05/2019,268.25,1081451,268.20,268.61,266.27
07/03/2019,269.14,986472,265.14,269.16,265.14
07/02/2019,265.47,1201390,263.92,265.57,261.67
07/01/2019,263.55,1960377,266.43,267.00,261.84
06/28/2019,264.26,1952692,265.50,266.39,263.36
06/27/2019,265.58,1122854,264.90,266.48,262.99
06/26/2019,264.41,1334353,266.45,266.82,264.34
06/25/2019,266.36,1182443,266.71,267.08,265.36
06/24/2019,266.77,1586110,267.31,267.97,266.52
06/21/2019,266.13,2964243,266.77,268.94,265.99
06/20/2019,267.35,1745108,265.00,267.79,264.55
06/19/2019,263.66,1628489,262.31,264.10,260.94
06/18/2019,262.74,2763187,263.61,264.20,262.05
06/17/2019,261.43,1192307,261.13,262.25,260.43
06/14/2019,260.15,1288089,260.00,261.20,258.91
06/13/2019,259.71,1228541,257.71,259.87,257.55
06/12/2019,257.23,1071667,257.58,258.75,255.77
06/11/2019,257.11,1613472,258.91,259.62,256.21
06/10/2019,256.85,1839825,256.40,258.83,256.11
06/07/2019,256.01,2270617,251.16,256.60,251.02
06/06/2019,251.21,1487759,248.00,251.94,247.74
06/05/2019,247.96,1825514,246.10,248.76,245.02
06/04/2019,245.61,1761622,243.00,245.82,242.50
06/03/2019,241.07,2512452,239.78,241.54,238.08
05/31/2019,239.58,4058490,238.98,240.66,233.05
05/30/2019,241.54,2030255,242.15,243.58,240.75
05/29/2019,240.69,2594886,244.13,244.77,238.91
05/28/2019,246.31,3164140,248.58,250.20,246.14
05/24/2019,247.30,1340428,249.11,249.56,246.77
05/23/2019,248.53,1822807,248.63,249.92,247.18
05/22/2019,249.51,1242294,251.01,251.01,249.14
05/21/2019,249.93,1504191,249.11,250.83,248.10
05/20/2019,248.90,1600493,247.15,249.94,247.15
05/17/2019,248.35,1672148,245.88,250.05,245.59
05/16/2019,247.44,1801038,245.63,249.73,245.21
05/15/2019,244.67,1194788,242.11,245.40,241.23
05/14/2019,242.73,1635179,242.29,245.09,241.81
05/13/2019,241.92,1962786,244.12,244.93,240.67
05/10/2019,247.02,2036492,242.94,248.55,240.03
05/09/2019,243.47,1919368,240.66,244.06,240.16
05/08/2019,241.34,1611887,239.56,243.05,238.19
05/07/2019,240.18,1775187,241.72,242.74,238.22
05/06/2019,244.23,1195175,242.85,244.83,242.06
05/03/2019,244.62,905868,243.27,244.88,242.72
05/02/2019,242.69,1237645,241.76,242.89,240.42
05/01/2019,241.59,1350376,245.34,245.46,241.55
04/30/2019,245.53,1423880,244.77,245.79,243.02
04/29/2019,244.28,1334370,245.00,245.75,243.49
04/26/2019,243.82,1735863,245.62,245.89,242.06
04/25/2019,245.60,1227801,246.21,247.15,243.94
04/24/2019,247.96,1153487,245.68,248.70,245.60
04/23/2019,245.58,1511387,244.65,246.53,242.21
04/22/2019,243.42,1299979,245.19,245.77,242.56
04/18/2019,245.81,1364894,246.79,247.25,244.70
04/17/2019,245.56,1291248,246.30,246.46,244.32
04/16/2019,245.34,1358873,246.65,246.82,244.25
04/15/2019,246.33,1722368,242.37,246.75,241.96
04/12/2019,241.95,2084927,241.51,242.72,240.90
04/11/2019,241.24,2712197,243.62,244.18,240.92
04/10/2019,245.61,1499116,245.28,246.67,244.71
04/09/2019,244.91,1422555,245.11,245.68,244.01
04/08/2019,246.52,1243936,245.99,246.83,245.20
04/05/2019,245.87,1610369,244.96,247.09,244.01
04/04/2019,244.40,1319734,242.17,244.76,241.25
04/03/2019,242.48,1663630,241.69,243.55,241.02
04/02/2019,240.50,1568364,244.00,244.19,240.31
04/01/2019,244.19,1541311,243.07,244.41,242.58
03/29/2019,242.14,1940059,241.66,242.44,240.77
03/28/2019,241.22,1297941,239.98,241.95,239.58
03/27/2019,239.41,1319803,238.71,240.21,238.16
03/26/2019,239.07,1157616,238.00,240.25,237.36
03/25/2019,236.97,1336649,236.93,238.08,235.79
03/22/2019,237.56,1803489,239.75,240.34,236.90
03/21/2019,239.54,1615924,236.68,239.85,236.55
03/20/2019,236.98,1383666,237.03,238.49,235.78
03/19/2019,237.05,1804913,237.52,238.05,236.29
03/18/2019,236.59,1688237,233.58,236.68,233.49
03/15/2019,233.60,5072160,234.17,235.65,233.18
03/14/2019,233.84,2129626,236.13,236.38,233.28
03/13/2019,236.38,2357031,234.25,237.45,232.95
03/12/2019,232.96,2647029,230.32,233.40,229.90
03/11/2019,229.69,3703638,227.53,229.91,227.06
03/08/2019,227.82,6778966,225.48,228.70,223.77
03/07/2019,216.79,3202234,218.13,219.39,216.22
03/06/2019,219.23,1957506,220.50,221.91,218.23
03/05/2019,219.82,2133649,218.91,221.61,218.90
03/04/2019,218.41,2379579,220.43,221.08,215.87
03/01/2019,219.44,2178197,219.76,220.57,215.77
02/28/2019,218.74,2044248,218.49,219.69,217.52
02/27/2019,218.05,1454400,216.51,218.86,216.45
02/26/2019,217.61,1865173,216.89,218.91,216.13
02/25/2019,217.05,1783734,217.37,219.09,216.55
02/22/2019,216.29,1542488,215.17,216.59,214.25
02/21/2019,215.23,1614651,216.60,216.72,214.33
02/20/2019,217.11,1785531,218.23,219.07,215.06
02/19/2019,218.12,1937315,216.67,219.60,216.51
02/15/2019,216.47,2635397,215.15,217.25,214.04
02/14/2019,213.84,1411028,212.00,214.55,211.14
02/13/2019,212.80,1697384,212.23,213.51,211.30
02/12/2019,211.90,2091178,210.06,212.75,209.26
02/11/2019,208.72,2368924,208.65,208.92,206.76
02/08/2019,207.75,1960355,207.83,208.49,205.75
02/07/2019,209.05,2525700,210.07,210.10,206.27
02/06/2019,211.60,1614179,212.26,212.26,210.48
02/05/2019,211.61,2069061,211.49,212.52,209.64
02/04/2019,211.18,1625113,210.70,211.19,207.90
02/01/2019,210.27,3453723,214.00,215.00,209.37
01/31/2019,214.63,4335636,211.14,214.88,209.72
01/30/2019,211.35,1573611,210.48,212.17,209.32
01/29/2019,210.31,1554193,210.32,210.54,208.57
01/28/2019,210.77,1510285,208.68,210.79,207.31
01/25/2019,209.07,2252214,212.03,212.32,208.74
01/24/2019,210.31,1907322,212.39,212.39,208.90
01/23/2019,212.09,2006086,213.00,214.85,210.00
01/22/2019,212.40,2972592,213.00,215.56,210.80
01/18/2019,213.59,2114732,212.56,214.16,211.77
01/17/2019,211.46,1450224,209.87,211.65,209.65
01/16/2019,210.18,1437323,211.46,211.46,209.50
01/15/2019,211.03,1553619,210.04,211.34,209.08
01/14/2019,209.00,1502391,209.47,210.65,208.16
01/11/2019,210.51,1861136,210.04,211.25,209.31
01/10/2019,210.64,2304542,208.15,210.90,206.00
01/09/2019,209.90,1856960,209.15,211.22,207.92
01/08/2019,208.55,2332085,208.65,209.08,204.18
01/07/2019,207.00,2225902,205.52,209.12,203.54
01/04/2019,206.24,2746917,203.08,207.93,201.45
01/03/2019,200.42,2764143,203.70,205.94,200.04
01/02/2019,204.76,2137877,200.50,205.10,199.85
12/31/2018,203.71,1729350,203.38,204.39,201.38
12/28/2018,202.04,2037734,201.82,204.95,199.59
12/27/2018,201.08,2649989,196.96,201.13,193.96
12/26/2018,198.63,3264954,190.82,198.78,189.51
12/24/2018,189.99,2031705,193.90,195.33,189.80
12/21/2018,194.52,5020471,197.16,200.70,194.32
12/20/2018,197.13,4183319,200.33,200.70,193.68
12/19/2018,201.41,3286206,203.50,207.00,199.86
12/18/2018,202.99,3154987,203.09,204.67,201.57
12/17/2018,202.23,4734486,206.68,208.00,200.66
12/14/2018,207.06,8812463,218.00,219.00,205.51
12/13/2018,226.51,2114926,228.84,229.62,225.48
12/12/2018,227.80,2889643,228.35,230.45,227.07
12/11/2018,226.50,2302906,225.12,227.25,224.00
12/10/2018,222.66,2569110,224.54,225.20,219.11
12/07/2018,224.86,2860656,233.15,233.81,223.03
12/06/2018,233.20,3937030,227.94,233.86,226.60
12/04/2018,226.35,3387916,232.11,233.30,225.56
12/03/2018,232.08,2479819,230.72,232.20,228.21
11/30/2018,231.28,2763971,231.69,233.39,229.70
